,期数,红球_1,红球_2,红球_3,红球_4,红球_5,红球_6,红球_7,红球_8,红球_9,红球_10,红球_11,红球_12,红球_13,红球_14,红球_15,红球_16,红球_17,红球_18,红球_19,红球_20
0,2023306,1,3,5,9,14,27,28,30,38,55,57,58,59,64,65,66,69,70,77,80
1,2023305,2,12,15,23,24,26,30,31,32,34,36,40,43,44,50,56,58,59,62,79
2,2023304,1,16,17,18,24,25,29,32,37,39,59,60,61,66,68,69,70,73,77,80
3,2023303,2,5,8,9,17,28,29,35,36,37,46,48,51,58,60,63,69,75,76,79
4,2023302,6,12,13,14,17,18,25,27,28,35,36,37,41,55,58,59,60,65,66,75
5,2023301,5,9,12,15,16,27,29,35,37,39,41,42,46,48,50,63,67,69,73,80
6,2023300,1,4,7,9,12,13,17,18,19,23,29,31,34,36,45,60,62,63,70,78
7,2023299,5,6,9,13,15,18,22,26,43,47,48,50,52,53,56,61,67,75,78,79
8,2023298,4,14,15,16,18,19,31,32,34,35,37,40,48,53,62,65,68,71,77,79
9,2023297,2,5,9,16,25,28,29,35,40,55,56,58,60,61,64,70,71,75,77,80
10,2023296,4,6,11,24,25,32,36,40,42,45,50,55,56,62,65,69,70,71,77,79
11,2023295,1,4,13,15,19,22,23,24,26,36,40,42,44,49,52,64,65,72,73,74
12,2023294,3,5,11,13,14,25,30,44,45,46,48,49,53,56,57,63,64,65,72,75
13,2023293,2,5,8,12,14,17,26,33,38,40,41,47,48,50,51,54,62,64,67,69
14,2023292,3,4,7,9,10,19,26,29,32,33,39,44,48,55,56,62,65,68,71,78
15,2023291,4,5,10,25,27,31,39,42,45,46,54,55,56,57,60,72,73,76,77,78
16,2023290,1,3,8,9,12,23,26,29,35,47,51,55,56,59,60,66,67,72,73,77
17,2023289,1,2,13,14,18,23,28,37,39,40,45,47,52,53,62,64,68,71,74,76
18,2023288,11,15,18,19,21,24,25,27,36,39,44,46,49,62,66,67,70,73,76,77
19,2023287,6,7,9,10,12,15,17,22,24,25,36,42,49,50,57,59,61,77,78,79
20,2023286,4,6,17,18,23,25,31,33,40,47,49,50,54,56,57,58,60,61,78,79
21,2023285,2,5,9,14,15,16,18,24,44,45,46,48,52,61,63,67,74,75,76,78
22,2023284,3,6,17,21,22,24,26,33,40,51,52,55,56,57,58,61,64,71,76,79
23,2023283,5,6,9,12,18,33,37,39,41,44,47,48,56,63,64,66,68,71,73,79
24,2023282,2,15,16,22,27,31,38,39,40,41,42,43,46,53,54,59,60,68,74,77
25,2023281,5,7,16,19,20,28,30,31,34,38,40,41,42,46,48,53,61,71,77,78
26,2023280,1,2,5,6,7,14,28,29,31,34,39,42,53,55,58,64,67,68,73,79
27,2023279,5,6,9,10,16,22,24,27,35,40,43,44,55,56,68,70,73,74,75,77
28,2023278,2,10,14,15,17,27,32,33,38,43,44,45,47,48,54,60,69,73,77,78
29,2023277,13,18,19,20,22,24,27,32,35,36,38,40,55,59,60,62,66,70,79,80
30,2023276,7,14,16,18,21,22,34,38,39,41,44,49,53,54,70,71,74,75,78,79
31,2023275,8,13,21,24,27,36,39,41,44,49,52,57,61,63,65,66,69,70,71,76
32,2023274,4,5,8,9,10,15,19,25,30,32,37,45,47,48,54,59,60,62,63,67
33,2023273,5,9,14,18,26,31,32,34,39,42,45,48,49,53,54,55,63,69,72,75
34,2023272,2,5,6,7,12,13,14,15,22,29,31,42,45,64,67,69,70,71,72,79
35,2023271,1,11,19,24,25,35,36,38,41,45,47,52,53,55,63,65,69,70,71,77
36,2023270,21,25,26,27,33,39,42,46,48,55,58,60,61,64,67,70,71,76,79,80
37,2023269,4,5,7,12,18,22,24,28,31,33,36,40,41,47,48,64,69,72,76,79
38,2023268,3,6,8,9,13,16,21,25,26,34,42,47,53,55,61,65,69,73,74,80
39,2023267,5,9,14,16,20,22,24,33,36,38,40,49,51,54,55,58,61,62,65,74
40,2023266,7,16,17,32,33,39,42,44,47,49,51,58,62,68,70,72,75,76,78,80
41,2023265,11,13,15,16,21,33,35,36,40,49,51,61,62,63,66,70,71,75,78,80
42,2023264,1,5,9,11,14,15,16,32,34,39,42,43,45,52,63,67,69,70,76,78
43,2023263,11,13,14,18,21,23,28,29,33,36,53,54,55,57,58,59,61,70,74,77
44,2023262,1,4,6,11,12,15,19,26,27,48,54,59,60,62,63,67,68,76,79,80
45,2023261,4,7,8,9,17,24,25,29,31,34,44,46,49,52,59,61,62,67,76,78
46,2023260,2,3,5,11,13,14,20,23,24,25,27,29,33,37,54,58,68,69,73,80
47,2023259,1,5,6,12,14,21,24,29,32,33,41,43,54,55,56,66,68,69,75,79
48,2023258,4,7,12,27,28,29,36,42,45,46,50,55,61,62,64,67,69,72,73,80
49,2023257,6,8,9,11,13,14,20,24,27,29,30,54,58,60,61,62,67,71,77,79
50,2023256,3,6,7,8,10,14,17,20,23,25,28,31,33,54,68,72,73,74,75,79
51,2023255,6,14,21,25,28,29,34,37,38,39,40,47,54,61,62,63,70,74,76,79
52,2023254,2,12,15,16,27,30,32,34,35,38,39,41,50,54,55,59,60,64,70,72
53,2023253,1,9,14,18,20,22,30,35,36,41,43,49,51,52,65,66,68,69,73,79
54,2023252,3,4,8,18,20,23,24,26,29,37,42,43,48,54,67,69,71,72,76,78
55,2023251,7,10,12,17,20,21,26,30,32,34,41,43,45,62,64,66,67,70,76,80
56,2023250,1,8,10,14,16,17,24,25,28,32,41,49,50,62,63,65,68,72,74,76
57,2023249,7,10,12,24,25,30,31,35,40,44,51,52,55,58,59,64,65,66,72,75
58,2023248,5,7,9,11,15,16,18,22,23,24,31,34,36,42,57,58,62,67,68,80
59,2023247,6,17,23,26,39,40,44,46,48,51,53,57,59,64,68,70,74,76,77,79
60,2023246,1,2,5,27,29,33,34,40,45,47,53,56,58,62,70,71,72,73,75,77
61,2023245,2,4,7,27,28,29,38,41,42,45,54,58,59,60,65,67,69,78,79,80
62,2023244,3,8,14,16,17,22,33,42,44,52,56,57,58,61,64,65,66,70,75,79
63,2023243,7,19,22,23,24,25,26,27,32,35,36,44,45,54,55,57,61,71,73,75
64,2023242,1,4,7,8,9,10,15,16,18,22,29,31,36,51,53,54,57,68,72,77
65,2023241,5,10,17,20,24,25,28,29,38,45,46,47,48,53,60,62,64,67,70,77
66,2023240,2,5,9,12,19,20,25,27,34,40,49,52,55,57,60,61,71,73,75,76
67,2023239,6,11,12,14,16,17,28,38,44,53,55,62,68,69,70,72,74,76,79,80
68,2023238,2,3,7,18,20,23,24,33,39,40,47,56,61,63,65,67,69,73,74,76
69,2023237,1,3,4,11,12,13,25,32,35,36,38,40,47,52,53,60,66,68,69,75
70,2023236,3,6,9,11,12,20,21,22,25,29,39,43,48,49,52,62,66,72,74,77
71,2023235,2,13,14,15,16,18,21,23,24,25,26,27,35,36,39,40,57,70,72,78
72,2023234,6,9,20,25,26,27,28,36,38,41,42,47,49,58,61,64,66,70,74,75
73,2023233,1,3,12,13,18,19,27,31,32,33,35,37,42,44,47,60,66,69,73,79
74,2023232,2,3,4,9,14,16,22,26,30,35,36,47,56,58,60,62,63,66,76,80
75,2023231,1,3,6,16,27,28,30,31,34,35,36,43,45,51,54,56,61,66,69,79
76,2023230,4,8,10,13,16,20,23,25,26,30,36,37,50,58,61,65,67,68,71,79
77,2023229,10,11,13,14,17,19,22,24,27,31,39,42,52,53,63,64,65,71,72,78
78,2023228,2,7,10,13,28,29,34,36,37,38,44,48,49,50,52,57,59,63,65,72
79,2023227,8,11,15,28,30,33,34,36,37,43,49,54,55,59,61,62,67,71,77,78
80,2023226,3,4,7,9,11,12,16,20,31,33,36,41,46,54,57,59,62,64,68,78
81,2023225,11,12,15,21,25,26,29,30,35,42,43,44,46,55,62,63,65,70,73,75
82,2023224,7,9,14,16,17,34,38,40,44,45,50,58,68,69,70,71,73,76,78,79
83,2023223,6,10,13,21,22,23,29,32,40,47,51,56,57,58,63,66,68,70,71,76
84,2023222,1,3,11,13,14,20,21,27,30,35,39,41,47,48,61,62,63,73,78,80
85,2023221,1,3,7,9,13,17,20,23,24,27,31,32,34,39,42,49,64,69,77,78
86,2023220,1,2,8,9,11,13,14,16,22,33,36,52,54,58,59,69,71,73,77,79
87,2023219,5,10,12,14,15,18,22,24,26,29,30,31,37,42,44,50,53,54,62,75
88,2023218,8,9,18,19,20,24,28,29,31,37,45,54,56,61,63,64,68,69,73,78
89,2023217,6,9,12,22,24,25,33,35,36,38,41,45,51,53,54,55,61,63,64,70
90,2023216,1,2,6,11,12,16,18,19,25,29,43,53,54,58,60,63,68,71,73,75
91,2023215,9,12,13,18,24,26,28,30,31,40,42,43,45,47,48,56,66,67,69,75
92,2023214,9,10,13,15,18,21,22,23,24,26,30,34,36,41,43,46,55,65,71,74
93,2023213,6,7,10,12,13,25,29,32,42,50,56,58,60,61,62,68,69,71,73,79
94,2023212,7,14,16,21,24,29,30,36,37,38,39,43,47,56,59,61,62,70,73,79
95,2023211,1,7,15,21,42,44,49,55,57,60,61,62,63,64,69,71,72,73,77,78
96,2023210,6,11,14,18,21,23,35,36,37,39,41,43,54,55,56,64,65,66,67,72
97,2023209,5,6,8,15,17,18,23,28,29,32,35,39,41,45,48,53,57,74,76,77
98,2023208,12,15,21,23,26,27,29,33,37,42,49,51,53,54,57,58,61,63,74,80
99,2023207,3,16,21,22,28,34,35,39,40,45,53,55,56,61,64,66,67,73,77,80
100,2023206,10,14,16,21,25,27,28,29,37,38,41,44,48,49,56,62,66,67,69,71
101,2023205,4,7,22,27,28,31,34,39,43,47,52,53,57,60,61,62,64,66,74,77
102,2023204,6,8,9,18,25,29,30,34,43,46,51,59,61,62,63,67,70,75,79,80
103,2023203,2,7,10,17,20,24,27,30,33,34,35,39,46,55,65,71,72,76,77,79
104,2023202,4,10,11,12,16,18,21,22,24,25,35,41,42,43,49,50,59,65,68,78
105,2023201,3,12,21,24,25,28,31,32,33,36,37,39,41,47,50,51,60,67,69,80
106,2023200,9,10,11,15,17,19,27,29,32,34,35,41,43,44,45,55,64,65,66,76
107,2023199,5,8,11,12,15,21,23,26,32,35,38,39,40,44,49,58,59,64,68,71
108,2023198,5,8,10,14,18,20,31,33,36,42,49,51,54,57,59,60,61,71,72,73
109,2023197,2,3,5,6,11,13,28,32,37,40,41,44,45,55,56,58,67,69,70,74
110,2023196,4,5,8,9,17,21,28,32,33,35,36,41,48,51,53,60,74,77,78,80
111,2023195,1,10,12,15,16,26,27,35,36,40,47,48,54,57,59,68,70,75,76,79
112,2023194,1,13,20,21,25,26,28,32,34,43,45,49,52,56,64,67,69,70,71,76
113,2023193,3,9,20,21,27,32,34,39,42,49,51,55,56,58,61,64,70,74,77,80
114,2023192,3,5,16,25,26,27,29,30,33,41,47,51,53,54,57,66,67,75,76,77
115,2023191,3,5,12,19,22,27,34,36,45,47,50,57,59,63,70,71,72,73,74,75
116,2023190,4,5,8,11,12,21,23,29,37,40,46,59,60,61,64,68,69,71,73,80
117,2023189,2,4,7,11,13,24,29,35,40,41,43,44,50,51,58,63,69,70,77,79
118,2023188,8,11,18,21,25,30,32,35,38,41,44,47,52,54,59,67,71,72,74,80
119,2023187,7,11,12,13,17,18,20,24,33,37,39,48,50,52,53,60,67,71,76,77
120,2023186,1,3,4,9,11,12,22,23,27,34,41,43,48,50,58,62,63,68,69,75
121,2023185,5,7,9,12,15,17,20,24,26,28,30,32,35,41,50,51,55,71,75,79
122,2023184,1,4,16,19,21,24,27,30,32,33,34,35,36,42,44,52,56,63,69,70
123,2023183,2,3,5,8,11,15,16,18,28,36,38,40,41,43,44,46,59,61,65,66
124,2023182,1,9,12,14,24,29,30,35,37,41,45,46,47,51,61,62,64,65,70,75
125,2023181,5,7,11,14,21,27,30,32,33,38,53,57,60,70,72,73,74,76,77,80
126,2023180,5,14,15,16,17,21,34,35,36,40,47,51,52,54,62,64,65,68,73,77
127,2023179,1,2,4,8,12,20,24,30,31,34,37,40,45,59,61,64,67,70,73,77
128,2023178,5,10,11,12,16,18,21,30,34,35,44,50,51,53,55,56,57,64,71,73
129,2023177,5,7,12,15,17,20,21,34,37,42,45,46,50,52,53,56,58,65,69,74
130,2023176,4,5,11,12,28,29,33,41,44,45,50,54,55,57,60,69,70,72,76,79
131,2023175,2,4,5,7,8,17,21,28,30,32,47,49,50,52,54,61,64,65,68,74
132,2023174,1,8,9,10,18,22,26,27,29,33,34,44,45,48,50,61,66,70,75,79
133,2023173,2,10,15,20,24,28,31,32,42,43,44,45,52,54,56,68,69,70,71,72
134,2023172,1,13,15,19,20,22,24,36,39,40,42,48,50,52,53,55,63,68,70,77
135,2023171,4,12,20,21,24,25,29,33,35,38,47,54,56,61,63,65,71,72,75,78
136,2023170,3,13,14,15,20,29,31,33,34,35,36,37,40,45,47,52,59,61,69,77
137,2023169,4,5,18,21,22,24,30,32,36,37,40,45,51,54,57,60,62,63,70,74
138,2023168,3,5,7,9,12,14,15,20,28,36,41,44,45,52,57,63,67,72,74,80
139,2023167,7,9,14,16,21,23,26,28,29,32,36,42,44,50,53,54,60,67,68,76
140,2023166,1,4,8,13,14,22,27,31,35,41,43,45,49,50,51,56,59,63,66,69
141,2023165,3,7,9,10,15,21,23,26,27,34,39,47,50,52,57,69,71,72,74,78
142,2023164,1,2,3,5,6,9,13,14,17,26,28,44,46,48,49,56,65,73,79,80
143,2023163,2,4,7,10,12,26,41,45,46,49,54,58,59,63,64,70,71,72,74,76
144,2023162,3,6,11,15,21,28,29,30,33,37,39,40,44,48,55,57,60,70,75,80
145,2023161,18,22,23,25,26,27,28,33,35,36,38,50,54,57,67,68,72,74,75,77
146,2023160,11,18,27,29,30,31,41,43,49,50,52,59,60,62,64,67,73,76,77,78
147,2023159,3,14,17,19,20,26,34,38,41,44,48,49,52,61,65,68,70,72,78,80
148,2023158,6,7,10,13,16,18,27,28,30,33,36,43,54,61,65,66,70,76,79,80
149,2023157,10,13,17,18,23,27,30,32,34,35,41,44,47,53,54,56,63,64,69,70
150,2023156,8,12,16,21,22,24,26,29,31,38,41,51,54,59,62,63,64,65,72,74
151,2023155,1,7,8,11,12,15,22,24,26,35,37,40,47,48,52,53,59,65,75,80
152,2023154,10,14,19,24,33,43,44,45,46,47,48,56,59,64,68,70,72,76,79,80
153,2023153,3,24,36,37,42,45,49,50,51,55,56,58,60,65,68,69,71,73,76,78
154,2023152,8,11,12,14,20,21,22,27,32,40,41,44,49,50,51,54,61,66,74,76
155,2023151,2,3,5,6,8,27,30,33,49,50,53,58,60,61,63,67,68,76,77,78
156,2023150,8,9,12,14,23,27,31,36,37,45,48,54,55,59,62,66,68,70,72,77
157,2023149,4,5,7,10,14,17,21,28,29,31,42,43,60,62,64,66,68,73,74,75
158,2023148,6,14,21,23,24,27,29,34,38,40,42,45,47,54,60,65,67,72,74,75
159,2023147,1,2,6,9,17,18,22,24,30,36,40,41,46,48,51,52,58,68,73,75
160,2023146,2,5,9,11,21,22,26,32,43,46,47,51,53,55,56,60,61,65,76,77
161,2023145,3,4,6,8,17,22,23,35,40,42,43,45,47,50,55,58,65,66,67,80
162,2023144,8,28,31,42,46,47,49,53,54,55,58,60,64,67,68,70,71,72,75,79
163,2023143,1,3,5,7,11,16,17,18,20,27,33,34,41,42,53,57,59,69,71,77
164,2023142,1,3,4,7,12,13,15,17,20,21,26,41,47,54,58,66,69,72,78,79
165,2023141,9,13,14,16,17,18,19,25,27,28,38,40,41,42,45,46,52,53,63,66
166,2023140,4,8,9,14,22,28,41,43,44,46,51,55,57,59,60,63,69,71,72,80
167,2023139,4,6,9,10,14,16,18,20,21,23,29,34,45,47,48,53,57,61,65,80
168,2023138,2,5,11,16,19,24,26,41,42,43,48,51,58,61,62,67,69,70,75,77
169,2023137,1,2,9,13,18,29,31,36,38,43,47,48,50,54,56,60,64,67,77,79
170,2023136,1,2,5,6,8,11,19,26,28,29,36,41,43,48,60,61,68,69,71,77
171,2023135,5,7,10,14,25,29,31,33,37,43,44,53,54,59,62,65,69,70,76,77
172,2023134,1,3,11,12,16,20,25,36,38,40,42,44,51,52,55,59,65,69,72,75
173,2023133,8,11,13,14,18,19,20,25,29,31,36,39,40,45,47,51,63,64,65,70
174,2023132,2,6,9,15,17,18,19,21,22,28,41,43,49,50,53,54,64,71,73,77
175,2023131,3,4,5,7,14,16,28,30,31,32,34,58,60,61,67,71,73,74,76,78
176,2023130,2,5,9,15,17,18,24,27,40,45,46,50,52,54,55,58,63,65,70,80
177,2023129,3,5,6,9,12,19,23,30,38,40,41,48,49,53,64,71,73,77,78,80
178,2023128,6,8,16,18,20,21,29,31,33,40,47,49,55,56,57,66,69,70,74,80
179,2023127,4,11,16,18,23,27,28,30,37,39,40,41,42,44,47,58,60,74,76,79
180,2023126,1,3,7,9,12,16,21,24,25,33,36,39,49,51,60,64,66,75,79,80
181,2023125,1,5,9,10,17,18,19,20,21,22,32,47,51,54,63,65,68,73,77,79
182,2023124,1,2,4,16,18,25,26,27,30,32,33,41,43,47,56,61,62,64,70,79
183,2023123,14,17,24,30,31,33,34,37,39,42,49,54,56,57,60,74,76,77,78,80
184,2023122,3,6,7,11,13,15,18,22,30,39,47,50,59,61,63,68,71,76,77,80
185,2023121,1,4,14,27,31,36,38,39,41,43,46,53,57,58,61,63,67,69,75,77
186,2023120,3,4,7,8,11,17,18,24,25,29,32,39,47,53,54,61,72,73,78,80
187,2023119,1,12,13,17,21,22,29,32,34,36,41,46,47,51,57,59,67,70,71,79
188,2023118,7,8,9,26,29,39,40,41,46,47,48,53,56,57,59,61,62,63,74,80
189,2023117,3,8,12,18,19,21,22,23,31,35,41,45,52,59,62,63,66,69,73,78
190,2023116,5,6,11,21,24,28,30,31,37,38,46,50,52,54,59,61,64,66,72,78
191,2023115,7,8,19,24,26,27,32,35,41,49,53,55,56,61,64,67,71,74,76,79
192,2023114,2,3,12,28,30,31,36,40,41,43,44,45,46,57,58,62,63,64,67,76
193,2023113,1,10,11,17,19,21,23,24,25,27,37,42,46,49,50,53,55,62,65,77
194,2023112,2,3,10,14,19,20,22,23,33,34,38,42,48,51,52,55,66,67,71,73
195,2023111,1,3,6,10,14,15,16,23,28,32,33,37,43,45,50,54,60,69,74,77
196,2023110,2,4,10,13,17,25,31,32,39,42,43,48,53,64,65,67,71,73,75,80
197,2023109,2,5,6,13,16,17,18,24,25,28,40,47,50,54,56,60,63,64,72,76
198,2023108,3,4,6,8,9,16,17,26,27,32,50,52,53,54,56,59,60,69,73,74
199,2023107,9,12,18,19,22,23,24,31,35,36,39,45,53,56,64,65,74,75,78,80
200,2023106,2,3,5,8,9,12,15,18,22,23,48,49,54,56,57,62,64,66,70,78
201,2023105,11,14,17,20,24,27,39,42,43,44,46,47,53,57,59,64,67,70,79,80
202,2023104,1,5,7,8,11,33,35,38,39,44,47,49,52,56,62,69,71,73,78,79
203,2023103,4,10,11,12,13,21,22,26,32,33,35,38,41,45,47,49,55,62,78,79
204,2023102,6,8,11,13,18,22,27,30,34,42,46,48,56,59,64,66,70,73,76,78
205,2023101,1,5,11,13,16,23,26,29,33,40,41,42,51,52,53,65,68,76,77,79
206,2023100,1,4,5,8,12,17,18,21,25,28,29,31,37,41,48,63,72,74,78,79
207,2023099,1,2,10,12,13,15,23,27,28,37,38,39,45,47,51,54,62,70,72,79
208,2023098,2,6,7,11,13,24,25,32,34,36,39,40,47,52,56,67,69,73,75,78
209,2023097,6,9,12,14,17,21,27,34,44,45,47,51,52,53,61,62,63,64,77,80
210,2023096,1,2,3,7,13,15,20,24,32,34,44,49,52,59,66,67,69,76,78,80
211,2023095,1,2,14,18,26,29,34,39,42,46,50,51,52,53,58,64,67,70,71,73
212,2023094,1,3,4,9,10,11,15,34,35,37,42,51,55,59,60,64,65,67,69,76
213,2023093,1,2,5,13,14,19,21,24,26,27,28,30,31,35,49,50,62,67,72,74
214,2023092,1,4,6,10,11,13,14,24,25,27,33,40,43,52,57,58,64,70,71,73
215,2023091,1,5,13,15,18,22,28,31,35,38,44,50,51,54,61,63,65,72,74,77
216,2023090,1,8,13,15,18,20,27,28,31,34,35,41,45,55,58,63,64,74,75,79
217,2023089,4,13,18,19,21,24,32,33,36,43,46,49,51,54,63,65,68,71,72,80
218,2023088,7,9,11,13,15,18,22,30,33,44,45,60,62,64,65,67,69,72,74,75
219,2023087,15,17,18,25,28,31,33,36,46,47,49,51,55,58,60,61,62,68,74,79
220,2023086,5,9,12,19,21,22,28,34,41,45,46,49,50,56,64,65,68,69,70,75
221,2023085,6,10,11,15,26,28,30,34,36,38,50,53,57,59,61,65,70,71,73,79
222,2023084,6,10,12,14,18,20,24,26,34,39,50,51,54,56,63,64,68,71,76,78
223,2023083,3,4,7,9,10,12,16,19,20,27,28,29,30,33,51,54,56,59,61,73
224,2023082,1,7,10,15,24,26,27,28,29,33,35,37,48,51,52,56,63,64,66,70
225,2023081,2,21,28,30,36,38,39,40,43,44,47,50,51,54,55,62,67,68,70,74
226,2023080,4,16,21,28,30,32,33,34,37,38,44,46,54,56,63,66,69,72,73,74
227,2023079,4,8,11,16,21,24,29,31,35,45,48,51,53,57,59,63,66,70,75,77
228,2023078,1,5,6,15,16,18,20,23,25,26,27,34,38,48,60,63,65,73,74,76
229,2023077,5,13,28,34,37,39,40,41,42,45,46,56,58,62,68,72,74,77,78,79
230,2023076,2,13,14,20,25,26,27,34,35,44,49,54,55,56,57,58,74,75,77,78
231,2023075,4,5,6,17,20,23,24,25,34,39,44,45,55,59,61,63,70,74,77,80
232,2023074,5,8,17,19,22,24,27,35,50,51,52,55,57,59,63,67,74,75,78,80
233,2023073,2,15,16,18,20,23,24,27,29,39,40,43,47,48,52,57,69,70,72,76
234,2023072,2,5,6,10,14,21,25,27,36,38,46,49,50,57,64,67,74,75,76,79
235,2023071,5,6,7,14,17,18,21,24,26,27,29,30,37,43,47,48,56,58,61,65
236,2023070,1,2,12,16,17,18,23,27,34,35,39,47,49,56,57,58,59,63,72,79
237,2023069,1,6,9,10,22,23,28,29,40,41,44,48,49,53,59,60,62,65,77,78
238,2023068,1,7,11,14,18,19,21,30,35,36,44,51,55,56,57,65,67,68,73,75
239,2023067,2,8,9,12,13,15,19,26,32,39,41,44,47,53,56,71,72,74,78,80
240,2023066,6,9,11,18,19,25,26,34,38,42,43,44,52,56,57,65,67,70,71,75
241,2023065,1,14,24,28,30,35,37,38,39,44,45,47,51,52,58,61,70,72,76,79
242,2023064,2,4,9,11,12,16,22,29,33,39,40,43,45,60,63,65,70,72,73,78
243,2023063,5,8,15,24,25,28,31,33,36,37,39,47,48,56,60,63,64,70,77,80
244,2023062,2,15,16,20,22,23,24,30,32,33,39,40,41,43,47,58,59,70,71,79
245,2023061,1,2,3,4,7,12,24,27,32,35,37,38,44,45,54,61,62,66,75,76
246,2023060,2,4,6,8,17,20,24,26,47,50,51,52,55,62,63,64,65,71,73,79
247,2023059,1,2,7,12,20,25,28,32,34,37,38,43,49,53,58,60,61,66,71,72
248,2023058,1,5,11,14,15,23,27,28,29,31,37,43,44,48,52,56,58,63,71,76
249,2023057,2,4,5,7,11,13,16,21,22,26,33,37,41,43,44,46,48,66,72,79
250,2023056,4,10,12,14,18,28,32,38,42,43,47,54,60,62,67,69,77,78,79,80
251,2023055,6,11,14,20,24,27,29,36,38,39,41,44,49,50,52,57,61,68,69,80
252,2023054,3,4,9,18,21,27,28,31,33,44,45,46,48,50,51,56,57,59,63,72
253,2023053,3,6,7,13,18,21,24,26,32,35,45,47,49,50,53,56,69,72,73,75
254,2023052,1,3,9,12,17,18,20,24,26,27,35,36,37,40,43,50,52,53,73,75
255,2023051,2,6,8,14,17,22,25,28,30,36,37,40,42,44,45,58,66,67,72,80
256,2023050,1,6,10,16,20,23,27,35,36,44,49,50,52,59,63,66,67,68,73,78
257,2023049,1,6,7,9,18,24,27,34,35,37,40,50,53,55,59,61,67,72,77,80
258,2023048,3,13,19,25,32,34,45,46,49,53,56,57,58,59,61,67,70,72,78,79
259,2023047,6,9,13,17,23,36,39,42,43,48,49,52,53,56,60,62,64,69,76,79
260,2023046,5,8,10,19,21,22,24,25,27,28,40,41,48,49,57,58,62,68,69,77
261,2023045,6,7,9,14,17,18,31,37,38,49,50,54,55,62,63,68,74,77,78,80
262,2023044,12,15,22,28,30,31,32,35,39,40,44,46,47,48,53,55,62,63,68,71
263,2023043,2,9,11,20,23,24,33,37,38,43,44,45,47,54,59,62,66,70,71,75
264,2023042,13,16,17,19,24,27,28,31,34,35,37,40,42,48,49,54,58,73,76,78
265,2023041,5,10,12,15,20,23,28,37,39,40,43,47,50,57,60,67,68,70,72,73
266,2023040,5,11,13,20,25,27,29,32,33,35,37,38,44,46,52,58,64,69,76,79
267,2023039,1,4,12,23,24,29,36,42,44,46,51,55,57,58,60,65,70,73,76,79
268,2023038,2,9,12,20,21,23,36,38,42,45,47,49,55,56,61,68,69,75,78,80
269,2023037,5,7,11,14,15,17,20,21,40,45,48,50,52,56,58,65,68,69,70,79
270,2023036,4,6,8,9,11,22,25,27,28,34,36,37,39,45,53,57,62,67,74,75
271,2023035,6,7,14,20,21,25,26,31,32,33,35,39,41,48,52,68,69,70,71,78
272,2023034,6,7,8,11,14,15,16,17,21,23,24,43,49,58,62,63,67,68,72,73
273,2023033,19,22,24,25,27,30,33,35,38,42,43,47,49,54,55,63,67,72,76,78
274,2023032,7,8,15,20,22,25,27,32,34,38,41,43,46,52,56,64,69,72,74,75
275,2023031,1,6,7,10,12,13,17,21,30,39,47,49,52,54,56,57,61,67,74,80
276,2023030,3,4,6,15,16,19,20,23,24,30,31,34,37,40,42,43,47,49,57,76
277,2023029,2,4,11,12,22,25,31,36,39,41,42,43,45,47,56,58,71,75,78,80
278,2023028,2,5,8,11,15,21,29,30,32,34,41,43,48,49,50,54,58,66,71,79
279,2023027,2,4,6,7,13,19,22,25,28,34,39,40,41,48,53,70,74,75,78,79
280,2023026,2,5,16,18,28,29,32,38,41,44,45,52,56,62,69,73,74,78,79,80
281,2023025,1,4,6,15,16,23,26,27,33,36,39,46,51,57,58,64,71,74,78,80
282,2023024,3,6,11,26,28,33,38,43,45,46,49,54,56,58,60,68,70,71,73,76
283,2023023,10,12,20,22,23,25,33,34,35,43,44,45,51,61,66,70,71,76,78,79
284,2023022,3,11,23,24,25,28,33,36,37,40,45,51,58,59,61,63,64,77,79,80
285,2023021,1,3,4,7,9,11,12,14,15,21,23,36,39,46,48,51,60,63,67,79
286,2023020,1,3,9,18,23,24,25,26,28,29,34,39,43,45,49,51,57,77,78,79
287,2023019,6,7,8,15,16,21,23,27,28,32,38,40,44,57,58,59,65,73,74,75
288,2023018,3,4,6,7,11,15,31,32,38,40,45,52,54,57,58,67,71,75,77,79
289,2023017,2,6,9,18,19,22,23,24,31,33,37,41,44,48,51,55,59,71,74,79
290,2023016,4,7,19,23,24,30,34,36,43,47,49,51,55,59,60,63,64,67,71,73
291,2023015,6,7,9,13,16,23,24,33,34,38,39,40,45,54,56,63,64,71,76,80
292,2023014,10,12,17,18,20,23,27,28,31,34,53,59,63,64,66,67,71,74,79,80
293,2023013,1,3,5,6,11,18,27,30,34,40,41,49,53,58,60,62,66,72,76,77
294,2023012,1,3,6,8,10,19,20,23,29,32,34,38,41,42,44,50,53,69,70,72
295,2023011,1,4,8,10,16,18,28,29,37,39,43,44,49,53,55,64,72,73,74,80
296,2023010,7,8,11,13,14,23,24,34,40,43,45,48,54,57,63,68,69,72,76,78
297,2023009,1,2,3,11,14,15,18,22,26,29,39,46,55,56,57,60,61,68,75,77
298,2023008,3,15,18,20,24,26,27,28,29,31,35,36,53,54,55,58,67,73,78,80
299,2023007,1,5,14,17,18,19,20,22,26,31,36,43,54,60,68,71,73,74,75,78
300,2023006,6,8,14,17,20,21,22,41,45,52,56,58,59,61,63,66,68,70,72,75
301,2023005,1,2,6,8,9,15,17,22,27,33,42,45,47,53,61,64,71,72,73,76
302,2023004,2,4,5,8,9,12,15,16,25,27,32,36,41,46,49,58,67,68,69,71
303,2023003,1,4,6,8,30,31,32,37,38,39,43,48,49,51,57,59,62,63,79,80
304,2023002,6,10,16,17,19,20,25,29,39,47,53,61,62,63,66,69,71,75,78,80
305,2023001,5,7,8,9,12,13,21,22,28,29,30,33,39,41,45,52,55,67,72,73
306,2022351,4,14,16,20,21,24,25,31,33,42,44,46,48,54,57,60,67,72,76,80
307,2022350,14,16,18,21,23,27,30,32,35,42,47,52,57,58,59,61,62,68,75,76
308,2022349,4,7,9,11,16,18,23,27,31,36,37,42,47,48,51,52,56,68,72,79
309,2022348,4,5,6,9,11,22,23,25,27,28,39,40,42,43,49,50,60,61,64,80
310,2022347,1,4,6,9,10,13,24,30,38,39,45,47,49,50,54,58,65,66,72,75
311,2022346,1,4,6,7,8,10,17,18,19,26,35,37,41,44,45,49,59,66,73,75
312,2022345,2,7,13,18,20,26,31,32,34,36,41,44,53,57,58,60,68,73,75,77
313,2022344,6,15,18,32,34,35,37,38,39,40,42,49,52,53,57,59,61,66,73,77
314,2022343,4,5,9,13,15,20,23,26,31,51,53,58,59,67,70,71,77,78,79,80
315,2022342,11,15,16,22,29,30,35,37,40,42,45,49,53,55,59,64,67,68,76,79
316,2022341,4,5,6,10,14,21,24,25,29,33,47,53,54,57,62,67,68,73,74,76
317,2022340,1,6,13,14,17,19,26,27,36,42,44,45,46,49,57,58,64,68,72,77
318,2022339,7,8,10,14,16,17,28,29,31,33,34,40,44,46,48,49,62,63,64,77
319,2022338,1,3,4,7,12,15,17,27,29,37,50,53,55,59,64,65,66,71,73,78
320,2022337,1,8,9,10,11,17,20,24,25,38,40,42,52,53,60,66,68,72,74,79
321,2022336,6,10,20,22,26,28,31,32,33,34,35,39,40,47,51,53,56,57,58,69
322,2022335,1,2,3,5,7,8,18,32,35,36,40,43,45,46,51,55,56,68,71,76
323,2022334,2,14,15,21,26,27,37,39,40,42,45,50,51,61,63,65,67,71,78,80
324,2022333,2,13,15,16,20,26,33,34,36,43,45,48,49,50,54,57,67,68,71,78
325,2022332,3,5,7,8,9,13,16,19,29,35,43,48,53,55,56,59,65,68,69,75
326,2022331,9,13,21,23,24,26,28,30,36,44,46,48,53,55,58,60,62,71,75,76
327,2022330,2,3,5,6,11,16,21,24,29,30,31,34,43,50,52,60,61,71,74,80
328,2022329,10,13,17,19,25,26,27,28,29,31,35,37,38,48,52,56,57,59,65,72
329,2022328,3,18,21,24,26,27,30,31,32,42,43,44,50,53,60,61,71,73,77,79
330,2022327,2,8,9,11,18,21,29,39,40,48,56,57,58,63,64,67,70,75,76,77
331,2022326,1,2,6,9,14,15,18,22,31,33,47,48,51,53,55,61,67,74,77,78
332,2022325,2,3,4,15,18,20,21,23,31,32,37,38,40,45,51,53,55,57,67,72
333,2022324,6,7,16,17,18,20,25,34,38,46,49,52,55,56,63,64,68,69,78,79
334,2022323,1,8,10,15,16,19,22,30,31,32,42,44,45,48,52,56,59,65,66,78
335,2022322,4,11,13,17,19,21,24,30,32,43,44,45,50,52,62,64,69,71,73,78
336,2022321,8,11,12,16,18,20,23,35,37,46,48,49,50,56,59,60,66,71,73,79
337,2022320,4,5,7,8,10,13,25,26,31,35,42,59,60,63,64,66,73,74,76,78
338,2022319,1,8,9,12,13,21,23,27,29,34,35,39,43,47,50,53,59,73,75,77
339,2022318,2,7,8,17,20,23,35,39,42,46,47,52,53,55,58,59,61,65,67,80
340,2022317,3,7,11,15,16,17,20,28,32,33,36,44,48,50,59,60,65,70,76,78
341,2022316,10,12,14,16,17,22,29,30,33,34,37,41,47,51,53,63,68,73,75,78
342,2022315,2,7,8,17,18,21,30,32,40,44,45,46,48,52,60,66,69,71,72,79
343,2022314,7,8,9,12,13,22,27,31,33,38,42,47,51,56,59,61,62,63,76,80
344,2022313,8,9,12,14,19,20,21,22,24,25,26,33,36,43,51,59,64,77,78,79
345,2022312,2,3,7,21,28,31,33,34,40,42,49,54,57,62,64,69,75,76,79,80
346,2022311,1,4,8,15,17,18,21,22,25,40,41,50,56,60,61,62,63,64,71,77
347,2022310,2,8,14,15,16,20,25,35,39,41,44,45,52,53,58,59,63,73,74,80
348,2022309,1,2,9,13,16,18,29,32,34,36,38,44,45,51,53,64,68,69,75,78
349,2022308,8,12,19,24,26,35,37,38,40,41,42,45,48,51,52,58,62,67,73,74
350,2022307,2,7,8,14,18,28,30,40,42,43,44,47,48,55,57,59,63,68,71,80
351,2022306,3,12,14,16,22,24,27,31,32,35,45,48,58,62,64,67,71,73,74,78
352,2022305,4,5,8,17,18,22,23,28,32,34,36,49,51,52,56,62,67,73,76,77
353,2022304,1,2,3,4,8,10,13,14,15,17,19,38,52,53,56,58,64,65,75,78
354,2022303,1,4,5,6,8,10,12,15,23,25,29,41,45,46,47,50,54,58,60,75
355,2022302,4,5,16,19,24,29,30,31,33,45,46,51,53,61,64,65,66,70,71,78
356,2022301,2,5,6,9,14,18,19,27,34,39,44,45,48,52,56,64,66,71,78,80
357,2022300,7,15,21,23,26,27,28,30,32,36,42,44,45,48,53,64,67,76,78,80
358,2022299,1,6,7,8,15,20,21,27,28,36,41,57,61,63,65,67,68,69,70,77
359,2022298,2,6,8,10,12,18,21,27,33,35,37,41,47,51,52,57,61,68,69,72
360,2022297,8,14,21,22,26,28,31,32,33,34,37,41,42,45,51,64,66,68,73,74
361,2022296,1,3,6,8,16,22,23,30,31,32,39,42,44,53,54,64,65,70,79,80
362,2022295,1,8,12,16,23,26,34,39,40,42,45,46,47,50,54,56,63,70,71,76
363,2022294,5,8,12,20,25,29,35,43,44,45,48,54,56,58,59,65,69,72,73,75
364,2022293,1,3,7,8,10,11,22,28,30,32,35,36,38,40,47,54,61,64,69,78
365,2022292,2,3,4,8,10,12,21,25,29,32,35,37,42,45,46,48,50,56,71,76
366,2022291,2,5,8,13,15,17,31,35,37,39,45,46,47,48,49,59,60,61,62,73
367,2022290,4,15,17,19,21,24,37,38,41,46,48,55,56,59,60,68,71,74,77,80
368,2022289,2,3,5,9,10,11,12,13,14,19,21,27,45,48,49,52,59,68,74,77
369,2022288,4,6,8,15,17,18,22,26,29,31,37,38,39,43,47,49,50,58,63,65
370,2022287,1,7,10,17,18,21,24,25,30,37,42,49,57,62,63,64,66,67,69,77
371,2022286,1,3,5,7,15,16,18,23,29,31,40,47,48,50,54,63,64,68,69,74
372,2022285,1,5,8,11,20,23,29,33,39,43,45,59,60,61,65,67,69,76,78,80
373,2022284,7,11,13,15,17,20,22,31,33,34,36,37,47,53,56,60,62,63,74,77
374,2022283,2,5,6,12,16,20,29,30,31,37,38,39,55,56,60,66,69,75,78,80
375,2022282,11,14,16,18,23,30,32,39,41,47,48,49,50,53,58,62,64,67,72,73
376,2022281,4,6,7,8,9,16,17,21,24,35,43,46,47,49,56,59,71,74,79,80
377,2022280,6,9,17,19,28,33,39,45,46,51,55,57,58,62,63,66,76,77,78,79
378,2022279,2,4,10,18,25,28,29,34,35,37,42,44,48,55,59,61,66,69,74,79
379,2022278,8,9,11,14,23,24,29,33,40,50,55,56,60,61,62,65,66,69,72,79
380,2022277,1,4,5,10,11,16,17,20,21,24,25,36,38,47,51,54,55,57,58,80
381,2022276,8,17,18,23,26,29,35,36,39,40,57,61,62,65,66,68,69,72,73,79
382,2022275,3,12,13,23,32,33,34,36,41,49,50,53,57,58,61,62,65,67,73,75
383,2022274,1,2,5,13,17,21,24,25,26,40,43,44,50,56,60,64,67,74,76,77
384,2022273,8,17,19,20,24,25,26,29,31,33,42,51,63,69,70,72,75,77,78,80
385,2022272,4,10,15,18,21,25,26,27,29,31,39,42,44,46,58,60,67,68,72,80
386,2022271,10,17,27,28,30,31,35,42,45,47,50,53,56,58,62,63,64,65,69,75
387,2022270,2,5,9,10,21,23,24,26,32,36,41,42,54,59,60,64,65,66,68,70
388,2022269,6,9,21,23,24,31,32,34,38,51,52,53,55,57,59,66,70,71,76,78
389,2022268,1,2,6,14,20,31,32,34,38,39,41,43,44,50,51,52,54,67,75,80
390,2022267,3,7,17,27,31,33,40,41,49,53,54,58,60,63,64,69,73,76,79,80
391,2022266,1,3,13,17,21,24,29,34,37,41,45,47,51,52,55,58,59,62,71,77
392,2022265,1,4,12,17,21,27,30,36,39,42,47,51,54,58,61,63,65,67,69,71
393,2022264,1,8,12,16,19,22,25,31,38,45,52,60,61,68,69,70,71,76,78,80
394,2022263,6,7,8,11,14,19,29,30,35,42,43,47,48,53,54,60,63,67,68,73
395,2022262,2,3,4,5,12,22,24,29,41,42,44,49,52,53,56,57,68,69,74,79
396,2022261,6,24,26,28,29,30,34,36,45,47,52,54,57,59,64,66,67,73,75,78
397,2022260,1,8,9,12,14,18,19,20,24,28,36,39,43,49,54,59,61,62,68,76
398,2022259,1,2,4,5,6,8,13,18,20,28,41,51,53,56,57,62,65,68,71,80
399,2022258,2,3,8,14,15,22,24,25,40,43,44,46,47,50,57,61,64,69,73,79
400,2022257,3,13,18,23,24,27,28,29,36,40,44,50,52,53,54,57,59,60,70,79
401,2022256,4,12,13,17,18,21,23,24,31,37,39,42,43,51,54,57,61,62,63,70
402,2022255,2,10,14,17,22,23,25,28,37,39,45,46,49,53,60,63,64,72,73,78
403,2022254,2,11,20,26,27,28,31,39,45,49,50,51,54,56,66,67,69,70,75,80
404,2022253,4,8,12,15,16,20,25,44,46,51,55,56,58,61,62,66,71,74,77,78
405,2022252,6,15,16,17,28,29,31,32,40,42,44,45,46,51,52,57,65,66,68,69
406,2022251,2,5,6,7,12,15,18,24,34,37,39,40,48,50,56,61,69,71,74,80
407,2022250,5,8,11,16,17,19,20,22,23,32,36,38,40,46,49,56,57,61,69,76
408,2022249,7,12,13,14,18,20,21,25,29,36,38,50,56,63,66,68,71,72,73,79
409,2022248,1,2,4,8,23,25,26,28,30,32,34,36,41,44,48,49,58,63,65,78
410,2022247,3,5,13,14,26,27,31,33,37,38,39,40,43,52,61,63,71,74,75,78
411,2022246,2,3,11,13,18,22,25,26,32,35,41,47,61,62,65,68,70,72,74,78
412,2022245,4,5,22,24,27,28,33,41,43,49,52,54,61,63,68,69,72,73,76,80
413,2022244,3,6,7,15,30,35,36,37,42,46,47,51,55,59,61,62,70,71,73,79
414,2022243,3,4,6,15,20,24,27,28,30,32,35,46,48,51,56,59,66,68,75,79
415,2022242,1,6,12,14,16,19,24,26,28,33,36,42,47,51,57,58,59,65,70,78
416,2022241,2,3,5,8,11,15,21,23,24,26,29,41,44,48,50,52,54,55,57,80
417,2022240,9,13,18,19,23,24,25,26,33,34,37,42,44,47,52,61,66,67,71,74
418,2022239,6,9,10,18,21,35,37,43,47,50,52,59,62,66,70,71,73,75,78,80
419,2022238,5,7,12,13,24,28,40,42,47,49,52,53,55,58,61,64,65,66,67,70
420,2022237,1,5,10,13,15,20,21,25,27,28,34,41,43,45,50,56,62,63,65,69
421,2022236,3,5,6,8,10,20,24,34,39,40,48,54,55,57,61,68,69,70,71,77
422,2022235,4,13,19,27,29,30,37,49,50,58,63,64,66,69,71,72,73,74,78,79
423,2022234,5,6,12,16,24,32,35,36,38,45,47,55,57,59,61,63,68,74,78,80
424,2022233,2,5,7,8,12,18,22,24,27,29,33,38,39,40,53,54,55,70,73,79
425,2022232,3,4,8,9,13,21,23,30,33,36,43,49,51,63,70,71,73,76,77,78
426,2022231,5,7,11,13,14,19,22,28,29,30,31,32,33,39,53,54,58,61,65,70
427,2022230,1,15,16,20,24,28,30,32,34,38,43,47,56,61,63,65,68,76,79,80
428,2022229,4,6,16,22,23,24,27,29,31,33,37,44,47,48,51,53,57,63,75,77
429,2022228,6,13,17,18,30,31,34,35,36,44,48,49,54,55,56,57,60,61,65,70
430,2022227,5,6,7,15,16,24,27,33,34,35,39,41,44,45,47,50,55,56,78,79
431,2022226,1,2,7,10,14,15,16,21,26,32,34,37,38,39,46,52,58,63,65,73
432,2022225,2,4,9,10,13,18,19,23,26,34,41,46,51,53,59,62,64,65,70,75
433,2022224,4,15,20,22,24,25,29,31,33,35,37,40,42,44,46,50,55,59,63,72
434,2022223,1,5,15,16,25,27,31,33,37,39,44,47,56,57,58,59,62,67,72,75
435,2022222,4,9,12,16,18,22,29,33,39,42,44,46,47,49,51,65,68,73,76,80
436,2022221,2,3,6,10,11,17,32,47,57,61,66,67,68,70,71,75,76,78,79,80
437,2022220,3,8,11,12,15,16,18,23,29,33,36,37,41,43,44,47,48,50,53,70
438,2022219,6,11,15,18,19,22,25,35,39,45,50,55,57,58,64,66,68,72,73,76
439,2022218,2,3,7,9,15,16,18,29,33,34,39,44,48,55,56,59,61,65,71,72
440,2022217,7,9,12,15,17,21,28,29,30,36,48,52,55,57,58,61,72,73,78,80
441,2022216,1,5,21,22,26,30,32,47,53,56,59,63,65,66,68,70,71,74,75,80
442,2022215,10,12,15,17,19,21,26,34,37,39,48,53,55,66,68,69,74,75,76,79
443,2022214,1,4,5,20,21,26,28,29,38,41,46,47,48,50,58,59,67,69,75,80
444,2022213,1,4,8,9,14,17,22,27,28,37,38,50,55,59,64,66,69,73,78,79
445,2022212,3,4,5,8,15,19,25,27,35,36,38,39,41,58,60,64,68,74,76,77
446,2022211,10,11,12,16,18,19,25,27,28,34,38,45,50,53,55,57,65,72,74,80
447,2022210,3,8,12,13,14,18,19,20,27,29,32,36,52,55,56,58,66,73,78,79
448,2022209,2,3,4,8,18,19,23,25,26,42,44,47,49,53,59,63,66,72,73,75
449,2022208,2,4,5,9,14,23,24,25,26,33,35,41,42,43,52,54,62,63,64,74
450,2022207,8,10,12,16,19,28,32,34,35,36,41,42,43,47,49,54,56,64,69,80
451,2022206,3,5,9,16,19,23,28,31,32,35,36,38,41,42,48,49,52,56,64,80
452,2022205,6,11,12,17,21,24,28,29,39,41,43,47,51,53,59,63,66,69,70,76
453,2022204,5,6,12,21,22,26,27,29,30,37,39,41,43,48,49,50,51,62,74,76
454,2022203,1,3,4,7,9,12,15,17,19,21,28,33,41,42,45,46,47,57,63,77
455,2022202,1,5,8,10,12,14,15,17,25,35,38,40,46,48,54,55,57,60,68,79
456,2022201,1,2,4,8,12,15,25,26,28,31,34,36,39,42,44,47,62,66,77,79
457,2022200,5,7,12,14,19,21,22,26,30,33,38,42,44,59,64,65,70,71,75,79
458,2022199,1,7,11,13,14,15,23,27,28,40,43,48,54,55,61,68,69,70,78,80
459,2022198,14,15,17,18,19,20,26,28,34,45,47,50,51,64,66,69,73,75,77,80
460,2022197,2,3,7,13,17,19,21,37,40,43,51,52,58,63,64,65,68,69,77,78
461,2022196,1,5,7,8,11,12,17,21,23,27,36,53,56,57,63,64,70,72,77,78
462,2022195,1,2,4,7,14,20,23,24,28,34,50,51,53,54,60,65,67,74,79,80
463,2022194,3,4,8,15,21,26,31,35,46,48,53,54,61,64,66,69,72,74,75,76
464,2022193,1,17,19,21,28,29,32,34,40,42,44,47,49,53,58,63,64,66,73,74
465,2022192,1,13,19,22,25,33,34,41,46,49,51,53,58,60,62,66,69,74,78,80
466,2022191,6,7,9,22,23,24,35,42,43,44,47,49,52,53,64,66,68,71,74,78
467,2022190,2,4,5,13,16,20,28,29,32,34,35,36,38,43,51,53,55,59,61,65
468,2022189,2,9,15,18,20,21,24,25,28,37,39,53,57,62,64,65,71,73,78,80
469,2022188,6,10,14,15,25,29,37,44,45,47,50,55,58,60,62,63,64,68,70,79
470,2022187,2,3,4,10,11,15,20,35,38,54,57,58,59,60,63,69,70,72,76,77
471,2022186,6,9,11,13,14,18,25,30,31,40,47,49,51,57,61,62,63,66,75,80
472,2022185,1,14,16,19,24,25,34,38,39,47,52,58,60,61,62,68,70,71,72,75
473,2022184,3,7,12,27,30,31,33,36,39,42,45,48,52,58,59,63,70,72,76,78
474,2022183,2,7,10,12,14,27,31,40,45,49,51,53,59,62,64,66,68,70,74,80
475,2022182,2,3,8,9,15,17,21,24,35,36,38,44,46,52,55,64,67,77,78,79
476,2022181,1,11,13,15,23,26,27,30,37,40,45,46,49,52,54,58,67,69,75,77
477,2022180,1,2,6,7,9,19,23,33,36,40,43,45,50,52,55,57,65,68,73,75
478,2022179,4,5,7,8,11,15,16,18,24,30,50,55,57,58,61,69,70,71,78,80
479,2022178,1,4,5,13,15,23,24,25,31,41,42,44,49,51,52,53,56,63,71,72
480,2022177,8,9,10,18,29,32,34,39,40,41,44,45,46,49,50,59,68,72,73,80
481,2022176,3,9,10,16,20,25,30,36,37,40,44,57,58,60,68,69,72,77,78,80
482,2022175,3,5,17,19,22,25,26,39,41,46,50,53,54,57,60,65,69,70,76,78
483,2022174,1,2,5,12,16,21,22,40,43,49,52,56,61,64,65,70,72,73,79,80
484,2022173,6,7,18,22,27,29,41,42,44,49,52,54,58,61,66,73,74,75,76,80
485,2022172,3,6,8,13,15,20,31,34,38,39,43,44,55,57,61,63,71,76,77,78
486,2022171,2,6,8,9,14,15,17,18,22,28,34,42,46,47,51,58,60,61,65,78
487,2022170,3,4,6,19,22,27,28,29,35,36,40,43,44,49,51,58,73,75,76,78
488,2022169,7,14,19,20,27,32,41,43,49,54,55,57,63,64,66,67,73,77,78,79
489,2022168,3,4,11,16,19,27,29,35,40,42,49,50,54,62,63,72,74,75,79,80
490,2022167,4,5,12,18,22,29,40,44,45,47,48,51,54,60,63,64,66,67,73,74
491,2022166,3,9,12,15,16,17,19,20,25,27,30,33,38,42,44,52,57,59,66,69
492,2022165,2,6,10,11,14,16,20,35,38,43,45,47,51,53,58,59,61,76,77,80
493,2022164,3,5,13,14,26,33,38,42,44,46,47,48,49,53,56,63,67,69,73,75
494,2022163,11,12,16,17,18,23,26,29,30,33,34,45,51,57,58,59,60,63,65,80
495,2022162,4,5,15,21,24,30,43,47,49,50,52,55,59,60,63,65,70,71,74,79
496,2022161,5,6,13,14,16,17,18,20,22,25,32,45,47,51,61,67,73,76,77,79
497,2022160,13,14,18,20,23,24,33,34,42,47,50,51,56,58,60,62,63,65,68,75
498,2022159,5,6,7,11,12,15,16,17,19,26,38,46,51,52,55,61,64,71,77,78
499,2022158,2,9,11,13,16,23,26,27,28,35,39,40,45,46,49,51,61,63,71,75
500,2022157,9,10,12,22,25,27,30,31,44,48,50,55,56,63,64,65,66,70,71,79
501,2022156,3,4,8,9,19,22,33,38,40,41,43,46,51,60,65,66,67,68,69,72
502,2022155,8,11,12,16,19,29,38,44,46,48,49,50,56,57,65,67,70,71,72,80
503,2022154,1,8,10,11,15,17,30,32,36,47,49,54,56,57,58,71,75,77,79,80
504,2022153,14,22,27,32,33,36,38,39,49,52,57,58,60,61,63,66,68,73,74,75
505,2022152,7,11,18,19,20,22,24,29,31,32,41,45,47,49,58,63,66,67,70,78
506,2022151,4,12,13,17,18,23,26,27,32,34,42,45,49,50,52,54,57,58,66,71
507,2022150,2,8,12,17,21,33,34,36,40,45,46,47,57,58,59,61,62,63,68,73
508,2022149,9,11,13,15,18,19,20,22,26,29,35,38,39,52,55,68,76,78,79,80
509,2022148,2,4,8,21,22,25,28,35,37,39,46,52,60,62,63,66,67,72,78,80
510,2022147,4,5,11,15,18,19,21,23,35,39,40,46,48,56,62,64,67,70,75,76
511,2022146,3,11,17,19,20,24,26,27,33,38,41,42,44,47,52,64,69,71,72,76
512,2022145,1,12,14,20,24,29,32,33,34,35,36,43,50,65,68,69,72,75,76,78
513,2022144,2,3,6,7,11,12,17,25,26,28,35,46,57,64,65,69,70,74,77,80
514,2022143,7,9,11,25,32,37,38,40,42,44,45,56,63,64,66,67,68,71,76,77
515,2022142,1,3,8,11,14,21,25,32,40,46,48,49,52,54,60,64,75,76,77,78
516,2022141,2,10,11,12,13,15,17,20,28,30,35,38,47,51,52,56,66,69,73,80
517,2022140,1,2,10,18,19,20,21,25,27,28,31,32,34,37,40,41,57,71,75,80
518,2022139,1,3,7,18,24,30,36,42,43,50,52,53,54,59,60,62,66,71,73,74
519,2022138,1,3,5,10,11,13,14,16,20,25,31,35,39,41,42,54,60,62,65,78
520,2022137,6,20,26,34,35,36,41,42,45,48,50,53,58,59,61,63,64,70,74,78
521,2022136,3,11,19,20,22,30,32,38,40,48,49,54,58,60,63,67,73,74,77,80
522,2022135,3,4,5,6,9,10,14,16,20,23,25,44,49,50,55,57,58,68,76,78
523,2022134,7,10,13,19,22,26,29,31,36,38,43,44,50,53,56,57,60,61,74,80
524,2022133,3,6,16,17,23,27,29,30,38,40,41,46,48,53,58,60,62,63,66,69
525,2022132,1,3,16,26,29,32,35,36,39,45,59,61,64,66,67,69,72,73,75,77
526,2022131,3,5,7,9,12,15,23,26,36,39,42,51,53,55,57,62,64,67,72,75
527,2022130,2,4,7,14,15,22,24,27,28,38,39,40,50,52,53,56,58,64,70,71
528,2022129,5,8,10,11,17,18,23,24,31,32,36,41,48,49,65,66,71,74,77,79
529,2022128,2,3,8,10,11,14,16,17,19,21,35,36,40,47,52,58,63,65,67,76
530,2022127,3,5,13,23,28,32,35,36,37,40,53,62,63,66,72,73,74,76,77,79
531,2022126,2,4,6,10,13,22,26,31,41,49,51,59,62,64,66,70,71,73,76,79
532,2022125,3,6,11,15,16,23,27,29,30,39,42,44,57,66,72,75,76,78,79,80
533,2022124,3,10,17,18,19,20,31,33,38,46,52,53,54,55,59,60,65,66,79,80
534,2022123,14,17,23,26,28,32,33,34,37,46,49,58,60,64,68,71,72,73,74,79
535,2022122,2,4,11,12,13,15,24,28,37,43,51,53,55,57,65,70,71,73,74,78
536,2022121,1,4,7,13,15,19,22,26,30,32,33,39,40,56,62,64,71,72,75,78
537,2022120,2,10,18,20,23,25,26,30,37,38,40,41,43,57,62,63,70,75,76,77
538,2022119,5,6,10,13,14,15,16,24,27,32,35,37,39,46,50,55,60,64,72,80
539,2022118,4,7,8,12,16,19,27,28,37,38,40,41,46,51,52,53,60,65,70,78
540,2022117,2,3,12,14,17,18,27,31,32,36,37,45,51,52,53,61,70,71,73,77
541,2022116,1,2,6,12,13,18,37,40,44,48,49,51,59,61,65,66,73,76,78,79
542,2022115,2,4,6,8,10,12,15,20,21,24,30,41,47,48,50,58,62,68,71,79
543,2022114,5,8,13,15,17,20,30,32,36,43,49,51,52,56,59,60,66,68,76,80
544,2022113,3,8,10,12,16,17,18,24,28,31,35,38,40,48,54,56,65,68,70,73
545,2022112,5,8,11,19,32,36,37,38,40,42,43,50,56,61,62,63,64,70,71,77
546,2022111,4,6,7,15,18,26,29,36,43,45,46,50,62,64,66,68,70,74,76,78
547,2022110,4,9,10,17,19,21,23,24,32,34,35,38,39,40,52,53,54,66,68,76
548,2022109,3,6,13,14,16,23,27,28,34,42,44,46,47,53,54,61,62,72,77,79
549,2022108,1,2,6,8,16,17,22,24,26,34,36,40,42,43,52,53,58,67,71,76
550,2022107,1,2,5,7,9,21,22,23,27,29,30,35,47,48,60,61,68,76,78,80
551,2022106,14,17,18,23,30,31,37,40,42,48,49,52,53,55,57,60,64,76,77,80
552,2022105,1,6,9,10,12,28,30,37,43,45,59,60,61,63,66,67,68,70,77,79
553,2022104,3,5,7,8,9,14,18,19,24,26,27,41,53,56,57,59,63,66,73,75
554,2022103,1,3,10,17,19,21,26,27,32,36,39,41,53,56,67,69,72,75,76,78
555,2022102,2,5,7,10,13,18,19,20,25,32,36,52,53,54,64,66,68,74,76,80
556,2022101,1,2,5,12,17,19,25,27,30,32,36,38,40,49,50,65,68,69,77,80
557,2022100,5,10,14,21,24,27,30,33,42,43,44,46,49,52,53,60,66,77,78,79
558,2022099,1,3,4,5,8,10,19,26,31,37,38,47,51,55,62,64,66,70,74,80
559,2022098,19,21,23,25,26,41,42,47,49,52,53,55,63,64,66,71,73,77,78,79
560,2022097,1,6,16,24,25,30,36,37,39,41,45,46,48,53,62,65,70,77,78,79
561,2022096,5,15,16,19,20,22,27,33,34,35,36,39,42,43,46,49,67,69,75,79
562,2022095,1,5,8,10,14,26,27,29,32,47,48,50,57,58,61,65,66,68,71,73
563,2022094,7,9,11,17,23,24,28,38,39,41,42,44,51,55,68,70,71,73,77,80
564,2022093,1,4,6,10,15,19,25,37,39,43,47,48,52,54,62,63,67,69,71,77
565,2022092,7,11,14,16,21,24,26,29,31,36,41,42,44,50,51,59,64,76,77,79
566,2022091,5,7,16,17,18,19,29,31,32,39,41,45,46,48,52,57,63,70,72,79
567,2022090,5,14,15,16,20,26,31,34,35,36,40,52,54,57,58,60,65,71,72,79
568,2022089,3,10,14,23,25,31,34,46,48,52,55,57,58,61,64,71,74,76,79,80
569,2022088,1,12,13,14,15,16,17,28,30,39,43,54,55,58,59,66,71,74,75,76
570,2022087,7,9,10,13,18,19,20,22,31,34,44,51,52,54,59,73,74,76,78,79
571,2022086,6,7,8,11,12,14,26,33,36,40,42,45,47,49,50,53,57,62,66,67
572,2022085,2,3,19,33,43,46,47,52,57,59,60,64,67,69,71,73,76,77,78,80
573,2022084,1,7,8,12,13,14,17,22,29,43,47,50,52,56,57,60,65,66,73,75
574,2022083,6,7,10,11,13,15,21,24,36,38,39,43,44,55,59,62,67,71,76,78
575,2022082,4,11,14,20,23,30,32,34,36,40,41,49,52,53,57,59,60,64,69,78
576,2022081,3,9,10,15,25,30,35,36,37,40,41,43,44,52,54,68,70,74,75,80
577,2022080,1,4,17,24,27,28,36,38,39,40,43,44,47,48,51,52,54,63,67,71
578,2022079,1,11,17,18,21,23,26,34,36,47,50,51,53,56,61,63,64,71,72,78
579,2022078,1,5,8,17,18,21,23,24,25,31,34,37,41,53,62,63,66,69,77,78
580,2022077,1,2,3,9,19,23,30,32,34,37,41,45,48,49,54,58,64,69,75,78
581,2022076,1,8,12,25,26,27,28,29,31,34,36,47,54,59,60,64,67,70,73,78
582,2022075,5,6,11,12,18,21,25,26,32,33,36,37,45,48,51,52,54,65,75,79
583,2022074,2,23,25,26,27,29,31,36,37,40,41,46,48,56,61,62,64,65,67,71
584,2022073,5,7,10,11,12,14,23,24,32,42,46,47,50,59,60,61,63,74,77,78
585,2022072,3,5,8,15,16,18,25,26,27,32,41,46,53,57,59,60,63,64,66,75
586,2022071,14,18,21,22,27,34,38,42,43,44,48,52,53,54,60,68,69,70,74,75
587,2022070,3,7,9,16,19,24,26,27,29,32,41,42,44,48,52,53,54,60,64,75
588,2022069,3,12,18,26,29,31,36,44,45,46,49,58,59,62,65,68,69,70,71,78
589,2022068,3,10,14,18,20,24,28,34,42,43,46,47,49,50,54,55,62,69,71,77
590,2022067,2,4,7,8,14,19,20,28,33,34,35,40,50,52,64,68,71,72,75,77
591,2022066,8,11,21,23,25,26,29,30,34,38,39,41,47,48,50,52,55,57,62,69
592,2022065,2,4,11,12,13,17,20,26,28,35,37,48,53,58,59,61,69,71,72,79
593,2022064,1,5,7,16,18,20,21,31,34,36,46,49,51,54,60,64,66,69,73,75
594,2022063,9,10,17,20,21,24,25,34,35,41,42,45,50,51,53,59,64,67,73,80
595,2022062,2,12,15,20,21,24,25,26,27,30,39,42,50,53,64,67,71,73,74,77
596,2022061,2,10,13,14,20,28,30,32,36,37,38,41,46,52,58,62,69,74,77,80
597,2022060,2,6,11,14,17,26,28,29,30,38,40,41,42,43,51,52,56,68,70,77
598,2022059,1,4,12,13,19,28,30,34,35,37,39,42,46,49,55,61,64,67,68,79
599,2022058,1,3,4,5,6,10,12,18,20,21,27,33,42,49,52,68,72,73,75,77
600,2022057,8,12,17,19,20,24,28,34,38,41,45,52,56,57,60,64,66,69,71,75
601,2022056,2,4,9,11,13,17,19,23,29,30,34,37,38,43,47,51,69,77,79,80
602,2022055,1,6,17,19,32,36,37,39,46,48,50,52,53,55,63,65,66,70,74,75
603,2022054,3,4,8,12,15,16,19,20,31,36,44,48,50,51,54,59,65,73,76,77
604,2022053,1,3,9,13,14,21,22,25,30,37,38,39,49,50,54,58,63,65,68,78
605,2022052,3,6,7,12,14,16,19,24,38,44,51,54,55,62,65,68,71,77,79,80
606,2022051,3,5,6,21,23,24,28,29,32,43,44,45,49,53,57,58,72,73,76,78
607,2022050,4,7,15,23,27,28,31,34,36,45,48,55,59,61,62,63,71,72,75,78
608,2022049,3,6,7,14,23,24,26,38,48,49,50,53,54,59,62,63,65,72,76,80
609,2022048,2,8,16,17,21,24,28,34,35,37,41,49,50,53,59,61,65,69,73,78
610,2022047,3,4,8,12,21,22,27,29,33,36,41,48,53,54,56,66,67,71,72,78
611,2022046,10,12,15,18,19,21,23,27,31,40,42,48,52,57,61,65,72,74,79,80
612,2022045,4,9,10,15,18,19,23,30,34,38,41,46,50,51,56,58,66,69,71,74
613,2022044,3,4,5,8,10,14,22,27,32,37,45,50,52,53,54,55,59,60,61,77
614,2022043,3,15,16,20,23,25,27,29,35,37,43,51,53,54,61,63,64,71,75,77
615,2022042,15,16,17,21,24,35,38,40,41,49,51,56,57,61,62,65,67,72,75,79
616,2022041,1,6,19,21,43,44,46,48,49,51,54,59,61,62,63,66,69,75,76,78
617,2022040,1,3,10,14,17,21,27,32,47,48,53,56,57,61,63,67,69,73,78,79
618,2022039,2,4,12,14,15,20,22,28,31,37,41,45,49,55,64,66,74,77,79,80
619,2022038,3,8,9,12,22,24,25,28,32,33,35,40,52,53,60,62,66,69,70,78
620,2022037,7,10,11,12,13,15,37,40,42,45,47,51,55,56,57,64,69,72,74,76
621,2022036,1,2,6,10,13,16,17,18,23,28,29,37,50,53,54,58,64,70,73,74
622,2022035,10,26,31,34,36,39,40,41,44,45,47,50,52,55,56,58,61,62,68,78
623,2022034,3,7,11,12,13,14,15,20,29,33,41,43,46,49,52,54,55,68,79,80
624,2022033,2,4,8,14,17,19,24,32,37,39,49,50,53,56,57,61,62,68,72,78
625,2022032,3,6,10,20,22,23,25,28,33,35,39,47,56,60,64,66,68,69,75,79
626,2022031,3,4,5,7,8,21,36,37,44,49,50,51,52,55,56,59,60,61,62,65
627,2022030,3,11,12,18,26,27,30,32,39,40,43,44,45,46,52,55,56,57,62,65
628,2022029,2,9,16,24,30,34,35,42,45,51,54,62,63,65,67,72,73,77,79,80
629,2022028,2,3,5,8,9,12,16,27,36,41,42,44,45,47,48,62,76,77,78,80
630,2022027,5,9,12,15,16,17,31,32,43,44,47,51,52,53,62,67,69,70,73,75
631,2022026,5,9,10,14,16,24,25,30,32,45,49,54,59,60,62,66,67,71,75,78
632,2022025,1,5,12,13,16,18,21,40,41,44,47,48,50,54,55,59,64,66,68,77
633,2022024,1,3,7,9,10,21,27,37,38,44,49,59,62,64,66,72,73,75,78,79
634,2022023,1,4,5,8,12,15,22,29,32,35,44,49,51,52,59,60,64,71,78,79
635,2022022,2,5,11,16,36,37,38,40,42,50,51,58,59,61,65,67,74,75,78,79
636,2022021,3,4,6,7,12,16,25,28,31,35,37,38,49,50,51,60,65,72,76,79
637,2022020,10,12,17,30,32,34,43,46,47,49,50,55,56,61,63,67,68,70,73,80
638,2022019,2,3,5,7,14,15,16,28,33,38,39,46,48,62,65,66,67,70,77,80
639,2022018,2,3,12,15,18,19,24,30,37,44,48,50,51,53,54,55,56,60,67,68
640,2022017,17,19,22,23,24,36,39,40,41,45,49,51,53,59,60,63,68,72,73,77
641,2022016,1,4,5,7,8,11,12,17,18,22,28,44,53,54,56,62,64,74,77,80
642,2022015,6,9,18,19,21,24,26,28,29,51,55,56,57,58,62,63,65,68,71,76
643,2022014,7,8,10,12,14,17,18,24,39,40,42,43,55,65,66,67,68,71,72,73
644,2022013,4,5,14,21,24,25,26,29,33,35,39,40,41,50,55,59,65,70,78,80
645,2022012,5,7,10,16,23,25,28,29,30,35,45,50,51,54,55,58,61,62,63,69
646,2022011,3,6,7,8,13,15,17,18,21,28,37,41,47,48,50,61,67,69,70,77
647,2022010,3,7,12,21,24,25,29,38,44,47,48,49,52,54,61,69,73,77,78,80
648,2022009,3,4,10,12,13,15,18,24,33,44,45,52,55,57,60,61,62,67,70,75
649,2022008,3,5,8,13,20,21,29,30,32,36,39,40,54,55,56,61,63,67,70,80
650,2022007,3,9,15,22,28,29,32,33,39,44,46,54,58,59,61,64,67,69,72,77
651,2022006,4,7,13,14,15,25,27,30,32,33,35,40,42,44,45,52,56,57,59,61
652,2022005,1,3,6,11,16,17,20,23,32,34,39,44,49,54,57,66,69,73,74,78
653,2022004,11,13,19,21,23,30,32,34,35,36,42,45,54,55,58,60,67,72,74,76
654,2022003,4,5,8,11,14,16,18,23,27,28,31,41,44,49,52,60,61,63,70,78
655,2022002,2,4,13,18,21,22,25,43,50,52,54,55,57,63,65,66,68,74,75,78
656,2022001,5,8,16,17,21,30,31,33,34,43,50,51,53,56,61,62,65,74,77,80
657,2021351,5,7,11,13,14,15,18,23,27,29,33,34,36,37,45,48,60,67,70,75
658,2021350,6,10,12,13,16,18,22,23,24,34,35,41,43,44,50,54,60,76,77,80
659,2021349,4,6,19,23,29,30,33,42,44,45,47,53,56,60,63,64,71,72,76,79
660,2021348,3,6,11,12,18,20,25,26,34,37,42,48,59,66,67,68,70,73,75,77
661,2021347,7,15,18,23,24,26,31,34,40,41,43,50,51,52,54,55,60,69,71,77
662,2021346,6,14,18,19,24,25,28,29,30,37,40,42,48,50,53,58,59,66,69,75
663,2021345,5,6,7,10,11,20,22,24,31,35,38,40,50,52,60,63,66,72,74,75
664,2021344,6,9,14,16,19,25,28,36,38,41,42,44,48,49,50,58,61,65,72,77
665,2021343,13,15,21,25,30,32,35,43,45,46,48,54,55,60,62,63,66,67,77,78
666,2021342,1,3,6,8,22,27,33,37,40,42,45,48,57,58,62,63,64,65,70,73
667,2021341,2,3,8,14,16,28,32,34,38,39,44,46,48,54,57,67,71,73,74,80
668,2021340,1,2,3,4,7,9,12,14,15,16,18,20,28,31,44,53,55,57,65,67
669,2021339,1,4,8,16,19,23,27,29,30,39,44,46,49,62,64,65,67,70,75,77
670,2021338,8,9,16,23,25,31,32,37,38,44,48,52,56,58,60,65,68,69,70,77
671,2021337,4,13,16,19,21,24,25,27,31,33,36,37,45,53,56,60,62,65,71,79
672,2021336,1,2,3,14,21,23,24,26,28,29,40,41,49,51,52,56,58,60,66,73
673,2021335,4,9,13,15,16,18,20,29,35,41,43,44,47,52,54,59,61,65,71,72
674,2021334,6,7,11,12,14,15,17,22,25,28,31,32,36,42,47,48,57,62,73,74
675,2021333,2,3,4,9,18,20,23,28,42,46,47,50,51,52,56,59,62,63,70,72
676,2021332,1,4,5,7,9,11,15,23,26,39,42,58,59,62,64,66,68,69,73,74
677,2021331,4,5,10,12,13,18,21,23,27,38,41,48,49,55,56,57,59,69,70,71
678,2021330,4,5,8,21,22,31,34,38,41,45,55,58,61,62,64,65,69,71,74,78
679,2021329,5,12,15,17,25,26,29,30,38,42,49,53,56,58,59,62,64,71,74,77
680,2021328,10,11,12,16,22,26,27,28,29,32,40,50,52,54,62,64,69,70,75,78
681,2021327,2,3,6,7,12,13,19,23,26,28,30,35,37,43,44,47,54,70,73,74
682,2021326,1,9,10,34,37,40,41,43,48,52,53,54,57,59,63,68,69,71,75,77
683,2021325,1,2,10,16,27,32,42,43,44,47,52,55,56,58,60,64,65,66,68,77
684,2021324,3,10,17,22,23,29,30,35,54,56,57,59,60,61,65,66,70,71,72,73
685,2021323,2,7,8,13,26,27,28,34,42,52,53,54,55,56,59,60,62,66,67,72
686,2021322,1,2,9,13,15,21,23,37,43,45,50,53,54,58,65,66,68,73,74,75
687,2021321,8,12,24,27,30,33,34,35,37,40,43,44,56,57,60,67,69,72,73,79
688,2021320,8,10,15,22,25,26,29,32,34,39,45,46,50,52,55,56,62,63,66,69
689,2021319,3,4,12,16,17,20,23,34,40,45,48,49,51,56,64,73,75,77,78,80
690,2021318,1,9,13,20,21,25,30,37,42,44,49,53,54,55,56,57,66,67,70,77
691,2021317,11,12,13,14,16,17,21,23,25,27,39,43,51,53,56,61,62,63,66,73
692,2021316,6,7,9,14,16,20,27,33,38,44,51,63,64,65,69,73,76,78,79,80
693,2021315,5,14,15,28,29,31,35,39,48,57,59,60,61,63,64,67,72,75,78,80
694,2021314,1,16,22,23,25,29,32,41,43,44,50,51,54,63,65,66,71,72,73,75
695,2021313,1,2,6,12,13,15,16,19,25,29,45,49,50,53,55,60,64,68,69,79
